<?xml version="1.0" encoding="utf-8"?>
<doctrine-mapping xmlns="http://doctrine-project.org/schemas/orm/doctrine-mapping" xmlns:xsi="http://www.w3.org/2001/XMLSchema-instance" xsi:schemaLocation="http://doctrine-project.org/schemas/orm/doctrine-mapping http://doctrine-project.org/schemas/orm/doctrine-mapping.xsd">
  <entity name="AppBundle\Entity\Info" table="info">
    <id name="id" type="integer" column="ID">
      <generator strategy="IDENTITY"/>
    </id>
    <field name="name" type="string" column="name" length="50" nullable="false"/>
    <field name="contactno" type="string" column="contactno" length="50" nullable="false"/>
    <field name="dob" type="string" column="dob" length="20" nullable="true"/>
    <field name="address" type="string" column="address" length="100" nullable="false"/>
    <field name="nextmeetingat" type="string" column="nextmeetingat" length="30" nullable="true"/>
  </entity>
</doctrine-mapping>
