<?xml version="1.0" encoding="UTF-8"?>
<project-private xmlns="http://www.netbeans.org/ns/project-private/1">
    <editor-bookmarks xmlns="http://www.netbeans.org/ns/editor-bookmarks/2" lastBookmarkId="0"/>
    <open-files xmlns="http://www.netbeans.org/ns/projectui-open-files/2">
        <group>
            <file>file:/C:/xampp/htdocs/scb/src/AppBundle/Controller/DefaultController.php</file>
            <file>file:/C:/xampp/htdocs/scb/.git/config</file>
            <file>file:/C:/xampp/htdocs/scb/app/Resources/views/artist_info_page.html.twig</file>
            <file>file:/C:/xampp/htdocs/scb/app/Resources/views/command.html.twig</file>
            <file>file:/C:/xampp/htdocs/scb/app/Resources/views/artist_form_page.html.twig</file>
            <file>file:/C:/xampp/htdocs/scb/src/AppBundle/Resources/config/doctrine/Info.orm.xml</file>
        </group>
    </open-files>
</project-private>
